group,n,flat_e3,zero,edge_e3,flat_edge,block8,hcorr
video_A,100,0.13838575711179013,0.33612309546019903,19.933612525145673,0.00795231887425874,1.047052530159604,0.1415569226421516
video_B,100,0.16160647399000427,0.3825243897699005,2.854932713034888,0.045477472788160056,1.1584702139762757,0.01759954443716196
video_C,100,0.1763982638489267,0.3706671719527363,2.956140341371042,0.05277146160243146,1.152930000115342,0.06916888686687371
photo_png,40,0.7580493400318948,0.14423223455741097,6.446504731229427,0.09408251866149835,1.00073003330832,-0.025390490921747756
photo_jpg70,40,0.30571212231449096,0.2748084684867741,5.881806306661203,0.0498996321205947,2.1441138059378826,0.15458559232963312
photo_jpg80,40,0.34165898069343476,0.2585256922380671,5.876268923667938,0.05229274277532257,1.8966987554201218,0.1425452172026536
photo_jpg90,40,0.4300999345573774,0.22713311151544258,6.382275562679409,0.0591009707591991,1.5371085519978758,0.13064716584873587
photo_jpg95,40,0.5732352817640263,0.1748357146815428,6.700829591496701,0.06964854897650322,1.2971558502236658,0.09922660181689807
photo_crf18,40,0.30365540761713006,0.28619501117555785,5.58723448910861,0.04589603066983994,1.341228996799652,0.08715318453868964
photo_crf23,40,0.22018155703588965,0.3254064416469632,4.877117576824605,0.044558503460192966,1.349152827789958,0.09872062167259155
photo_crf28,40,0.1858500128292035,0.36775868876533174,4.006418600095751,0.04215891883886135,1.44781077761188,0.10601011643049013
photo_crf33,40,0.16436761794084925,0.3955252743091473,3.2406156871478697,0.047997738506476775,1.5117245470238911,0.12924336800744707
